AWB,ConsigneeCompany,ConsigneeAddr1,ConsigneePostal,KiloWgt,SelectCd,PieceQty,CommitDate,DestLocCd,CourierRoute
776129666072,FNA MARKETING(M) SDN BHD,"NO.3.,JALAN KENCANA 20, TAMAN KENC",56100,5,"PND,DR",1,19/9/2003,KUL,
776131895155,ELLEDI (M) SDN BHD,11JALAN SUNGAI JELUH 32191 KAWASAN,40460,4.5,"PND,DR",4,19/9/2003,XKL,815
776141134258,RAMATEX TEXTILES INDUSTRIAL,SRI GADING INDUSTRIAL ESTATE,83000,0.5,DR,1,19/9/2012,BTU,
789547113947,TECUMSEH EURO MALAYSIA,"NO 18, JALAN SULTAN MOHAMED 4,",42000,20,DR,1,19/9/2010,XKL,KAPAR+
812445224715,MATRADE,MENARA MATRADE JALAN SULTAN HAJI A,50480,0.5,DR,1,19/9/2010,KUL,823
776153124412,TM OILFIELD SERVICES SDN BHD,"4TH FLOOR, SOUTH BLOCK",50450,150,DR,1,19/9/2010,KUL,815
776151517820,MENARA SAPURAKENCANA PETROLEUM,"LVL 6, NORTH WING, SAPURAMINES",43300,35,DR,1,19/9/2010,KUL,815
776139320338,FDX EXP KUL CUSTOMS,KL INTERNATIONAL AIRPORT,64000,0.2,DR,1,19/9/2010,MKZ,
776172510890,FSTC IMPORT AND EXPORT,"JALAN BALAKONG JAYA 3,",43300,150,DR,4,19/9/2013,KUL,815
493985324177,HENKEL THAILAND LTD,WATCHARIN LOYKLUNG,20000,0.8,MIS,1,19/9/2013,KBR,
789641799954,MOHD FARID ARIFIN,MOHD FARID ARIFIN NO 5 JALAN DESA,43000,0.2,"PND,DR",1,19/9/2013,RDN,
776177544191,EMPIRE INTERNATIONAL SDN BHD,LOT NO. 1723 BATU 9 1/4 JALAN KAPA,42200,0.6,"C1,DIA",1,19/9/2013,XKL,KAPAR+
706422610011,FREESCALE SEMICONDUCTOR M S/B,NO 2 JLN SS 8/2,47300,20.4,C8,2,19/9/2018,XKL,815
113656316937,EDARAN PRESTASI SDN BHD,LOT 281 JALAN SUBANG 7 TAMAN,47620,22,"PW,DT",10,19/9/2012,XKL,815
117720897508,KLM ROYAL DUTCH AIRLINES,KLAS CARGO TERMINAL BUILDING,64000,2,FCZ,1,19/9/2010,MKZ,
789659432888,MIROLJUB STOJANOVIC,05-1 DESA ANGKASA CONDOMINIUM,55000,0.5,DR,1,19/9/2017,KUL,813+
776171050450,SKK GLOBAL ENTERPRISE,LOT F1 FORWARDERS BUILDING KLAS,64000,11.3,FCZ,1,19/9/2012,MKZ,
104110943433,,"A-3A-03, PELANGI UTAMA CONDOMINIUM",47400,77,"DIA,C1",1,19/9/2017,XKL,815
495429072033,LIONEL WONG,8 JALAN PJU8/1,47820,20,"C1,EX",3,19/9/2017,XKL,979976
776183934289,KUMPULAN ABEX SDN BHD,LOT 2-6 JALAN SU/6A LION,40400,333,C1,2,19/9/2017,XKL,815
776182169414,ATLAS LINES SERVICES(M)SDNBHD,"LOT D12, BLOCK D, FREE COMMERCIAL",64000,1.5,FCZ,1,19/9/2011,MKZ,
776183573907,CLASSITA (M) SDN. BHD.,"LOT. 2661, 3RD MILE",36000,0.5,"PND,DR",1,19/9/2017,SZB,
122241592177,ONCOGEN PHARMA (MALAYSIA) SDN BHD,"3, JLN JURURANCANG U1/21,HICOM GLEN",40150,22,"C1,DT",1,19/9/2012,XKL,863
776180762229,SHASHINKI SDN BHD,"69, JALAN FLORA 1/9,",81300,3.9,"C1,DIA",1,19/9/2017,JHB,
776184320363,FOREST CITY SALES GALLERY,CGPV GALERI JUALAN MAHKOTA SELATAN,81550,4.5,DR,1,19/9/2013,JHB,
789669373463,,"73, JALAN DURIAN 2 TAMAN CHERAS ,5",56100,0.9,"PL,C1",1,19/9/2017,KUL,890
789669194536,,05-1 DESA ANGKASA CONDOMINIUM,55000,1.5,"C1,DIA",1,19/9/2017,KUL,813+
116738899127,,30-10 DUA SENTRAL RESIDENTIAL,50470,0.5,"C1,PL",1,19/9/2017,KUL,890
642014393748,MCDERMOTT,"LEVEL 24 MENARA HAP SENG, 2,",50250,2.1,"C1,DIA",1,19/9/2017,KUL,823+
705083210736,RED ARMY WATCHES SDN BHD,"15-02, 15TH FLOOR MENARA K1 01",58000,13.9,"DIA,C1",2,19/9/2017,KUL,823
789666082840,WANG KEN LONG,302 JOLAN TENGAN,47000,5,"DR,PND",1,19/9/2013,XKL,985982
122484354639,BRENNTAG SDN BHD,"LOT PT 55, 64 65, JALAN HULU",40400,0.5,"C1,DT",1,19/9/2017,XKL,921926
789672048493,,"7, JALAN 4/109C, TAMAN BUKIT DESA",58100,555,"C1,DIA",1,19/9/2017,KUL,823
473500658068,INTEL,NO 2 JALAN SAGA 1,68000,343,"C1,PL",1,19/9/2017,KUL,823
473500658127,INTEL,7 JALAN PERDANA 4,84000,1.4,"C1,PL",1,19/9/2017,MUR,
473500658116,INTEL,7 JALAN PERDANA 4,84000,1.4,PW,1,19/9/2017,MUR,
473500658138,INTEL,D-2-2 KUARTERS INSTITUSI,48000,55.5,"C1,PL",1,19/9/2017,XKL,823
789671974422,SCHOLASTIC ASIA,"LEVEL 7, PLAZA FIRST NATIONWIDE",50000,22.1,DR,1,19/9/2017,KUL,823
789673464887,FARAH MOHAMAD,53 JALAN PUTRA MURNI 3/2C,47650,0.5,"C1,PL",1,19/9/2017,XKL,927928
112381153483,AHMAD JAMAL AHMAD TBARANI,B82 GROUND FLOOR SRI DAGANGAN 2 JA,25000,0.8,"C1,DIA",1,19/9/2017,KUA,
789637583626,COUNTRY GARDEN PACIFICVIEW SDN BHD,"JALAN FOREST CITY 1, PULAU SATU",81550,3.5,DR,1,19/9/2017,JHB,
103008405175,STEVIE HEONG HOONG,"56, JALAN BU 3/4",47800,222,"C1,PL",1,19/9/2017,XKL,815
112381154090,LILIAN AU YONG,22ND FLOOR MENARA KH,50250,4.4,"C1,DIA",1,19/9/2017,KUL,823
467431478764,,"20, LORONG BUKIT PANTAI 2,",59100,7.3,"PL,C1",1,19/9/2017,KUL,823
110634550842,POREX TECHNOLOGIES SDN BHD,"LOT PT 74, JALAN HULU TINGGI 26/6",40400,0.1,DR,1,19/9/2013,XKL,921926
776175873642,JP MORGAN CHASE BERHAD,348 JALAN TUN RAZAK,50400,333,DR,1,19/9/2017,KUL,815
789675942135,,"NO. 10 JALAN ELEKTRON U16/50E,",40160,25.3,"C1,DIA",1,19/9/2017,XKL,823
789676123031,,"LOT 7520, TAMAN LIMBONG JAYA 3/2",23100,1.1,"DT,C1",1,19/9/2018,KBR,
776184690644,VME TS,B09-01/02/03 SKYPARK ONE CITY,47630,0.5,DR,1,19/9/2012,XKL,939934
112381153634,GANESH PRASAD,TAMAN GOMBAK PERMAI,68100,34.5,"C1,DIA",1,19/9/2017,KUL,823
776187371834,,"5, JALAN TEBING TIGA, 8/8C",40000,0.5,PW,1,19/9/2023,XKL,911912
813492741025,SUMITEC SDN BHD,NO . 35 JALAN TIONG,81100,0.5,DR,1,19/9/2012,JHB,
776174190190,AMH TECHNOLOGIES SDN BHD,"NO. 6A, JALAN GAMBUS 33/4,",40400,22.7,"C1,DIA",1,19/9/2017,XKL,925928
726833335500,STRYKER CORPORATION (M) SDN BHD,"100.6.001&100.6.003,129 OFFICERS,",46200,168.2,"PL,C1",1,19/9/2017,XKL,823
789679012578,,AVANI SEPANG GOLDCOAST RESORT,43950,2.6,"C1,DIA",1,19/9/2018,SZB,
123430536263,THE CHURCH OF JESUS CHRIST OF LDS,"BLOCK A -2-27, DELTA HEIGHTS APART",88300,2.7,"C1,PL",1,19/9/2018,BKI,
123430536274,SIBU MALAYSIA DISTRICT,"1A, LORONG PERMAI UTARA 4B",96000,2.7,"C1,DT",1,19/9/2019,ODN,
123430536252,,"20, VILLA MONT KIARA, JALAN KIARA",50480,22,"C1,DT",10,19/9/2017,KUL,815
123430536296,,"NO 43. JALAN HARMONIUM 23/6,, TAMA",81100,11.3,"C1,DT",1,19/9/2017,JHB,
123430536285,MIRI MALAYSIA DISTRICT,"SMK LUAK, JALAN BAKAM",98000,2.7,"C1,DT",1,19/9/2019,ODN,
114687100592,GES MANUFACTURING SERVICES M SDN BHD,PLO 34 FASA II KAWASAN,81400,50.8,"C1,DT",7,19/9/2017,JHB,
776182869402,A N MARKETING,"LOT B, B7B2,MAS CARGO AGENT CMPLX",64000,135,FCZ,9,19/9/2017,MKZ,
776183009890,COCOALAND INDUSTRY SDN BHD,"LOT 100, 823 INTEGRATED",48000,436.7,"C1,DT",1,19/9/2017,XKL,823
114153874904,INFASTECH (MALAYSIA) SDN BHD,"LOT 63, PERSIARAN BUNGA TANJUNG 1,S",70400,1.4,"C1,DT",1,19/9/2017,RDN,
776188624123,LE MERIDIEN KUALA LUMPUR,"2 JALAN STESEN SENTRAL, KUALA",50470,2.3,"C1,PL",1,19/9/2017,KUL,823
112381153380,HAZEL FONG,LOT 390 HILLTOP SELATAN 1,98000,1,"C1,DIA",1,19/9/2019,ODN,
789680910231,DHL EXPRESS SDN BHD,3509 3511 JALAN TEKNOKRAT 5,63000,1.1,"C1,DIA",1,19/9/2017,XKL,969938
789681278441,"B8/5/5,",ONE AMPANG BUSINESS AVENUE,68000,66,"DT,C1",1,19/9/2017,KUL,815
676687737304,ARACHEM M SDN BHD,"11, PERSIARAN INDUSTRI",52200,5.7,"C1,PL",1,19/9/2017,KUL,844+
789681699278,,UNIT 0806 LEVEL 8 BAYSHORE,88400,4.9,"C1,DIA",3,19/9/2018,BKI,
776164341473,SKK GLOBAL ENTERPRISE,LOT F1 FORWARDERS BUILDING KLAS,64000,2.7,FCZ,1,19/9/2012,MKZ,
789682457158,,"BLOCK A 1-01 JALAN SP 19, TAMAN",47000,5.3,DIA,1,19/9/2017,XKL,985982
123430536377,KUCHING MALAYSIA DISTRICT,"NO. 72 LORONG 3, JALAN STAMPIN BAR",93350,2.7,"DT,PW",1,19/9/2018,KCH,
114494597022,,"TWENTY LOGISTIC TRADING,",64000,8.8,FCZ,1,19/9/2017,MKZ,
112381154159,MUHD HANAFIAH,B-1-2 PANGSAPURI AKASIA BERJAYA PA,40460,0.4,"C1,PL",1,19/9/2017,XKL,929928
789683214307,,"LEVEL 11, LOT PT 2811, WISMA 99",41150,5.2,"C1,DIA",1,19/9/2017,XKL,917912
789683134486,,"5, JLN 64, FLAT WANITA, RANTAU",24300,2,"C1,DIA",1,19/9/2018,KBR,
789682941542,,102 TAMAN ASEAN,75250,2.6,"C1,DIA",1,19/9/2017,MKZ,
789682629245,,"NO 46, JALAN 1/155A BUKIT OUG",58200,432.1,DR,1,19/9/2017,KUL,823
776185645340,SERVICESOURCE,"1 MONT KIARA, 1 JALAN KIARA MONT K",50480,111,DR,10,19/9/2017,KUL,815
112381154170,KAH SENG LOH,3 JALAN 14/48,46100,55,"C1,PL",1,19/9/2017,KUL,865
776181330045,SKK GLOBAL ENTERPRISE,LOT F1 FORWARDERS BUILDING KLAS,64000,2.7,FCZ,1,19/9/2012,MKZ,
776189964989,VITALTECH SERVICES SDN BHD,48-2JALAN METRO PERDANA TIMUR 10,52100,1.4,"C1,DIA",1,19/9/2017,KUL,840
776187897952,MESSRS YIN CHAMBERS,"NO.1, JALAN USJ 3A/8",47610,0.2,DR,1,19/9/2012,XKL,823
789685650560,,30 JALAN TR 9/1 TROPICANA GOLF,47410,2.8,"PL,C1",1,19/9/2017,XKL,955956
123430536539,,"NO: 31, JALAN TMR 4,, TAMAN TANJUN",75250,16.8,"DT,C1",1,19/9/2017,MKZ,
123430536859,,"18, JALAN U-THANT, BLOCK B",55000,39,"C1,DT",3,19/9/2017,KUL,813
123430536675,PETALING JAYA BRANCH,"9, LORONG JELUTONG KANAN",50490,33.6,"C1,DT",2,19/9/2017,KUL,823
123430536881,,"65, JALAN ANGGERIK VANILLA 31/98R,",40460,22.2,"C1,DT",2,19/9/2017,XKL,925928
123430536837,KUCHING 2ND BRANCH (ENGLISH),"157,LORONG SAMARAX, 13E1",94300,30.8,"C1,DT",2,19/9/2019,KCH,
123430536653,MALAYSIA,"LOT 11621 JALAN MERANTI 6, KAMPUNG",47120,33.6,"C1,DT",6,19/9/2017,XKL,815
776186588530,SKK GLOBAL ENTERPRISE,LOT F1 FORWARDERS BUILDING KLAS,64000,4.5,FCZ,1,19/9/2012,MKZ,
789686413691,,"D-2-4, SETIAWALK, PUSAT BANDAR",47160,5.2,"C1,DIA",4,19/9/2017,XKL,960936
789686180094,,"10 JALAN MUTIARA BARAT 2, TAMAN",56000,2,"DIA,C1",2,19/9/2017,KUL,890
789686176025,,"D-1-8, EASTLAKE RESIDENCE",43300,49.1,"DIA,C1",1,19/9/2017,KUL,823
776189717554,SOLMAX INTERNATIONAL ASIA PACIFIC S,"LOT 28, JALAN SUNGAI PINANG 4/2,TMN",42920,2,"C1,DT",1,19/9/2018,XKL,997918
652070418963,BAT ASPAC SERVICE CENTRE SDN BHD,"REGIONAL PRODUCT CENTRE ,WISMA GUO",50490,365.1,DR,1,19/9/2017,KUL,823
789685227766,,"NO 33, JALAN PELUKIS U1/46",40150,99,"C1,DIA",1,19/9/2017,XKL,863
789686981552,,"LOT 7520, TAMAN LIMBONG JAYA 3/2",23100,1.9,"DT,C1",1,19/9/2018,KBR,
493644403585,DNP IMAGINGCOMM ASIA SDN BHD,PLO 676 JALAN NIKEL4,81700,2.3,"DT,C1",1,19/9/2017,JHB,
789671216177,LESOSHOPPE SDN BHD,"LOT 12A JALAN GITAR 33/3,",40350,2.3,"C1,DT",1,19/9/2017,XKL,925928
789686982272,,"NO. 10, JALAN SERI PUTRA",43000,0.5,"PL,C1",1,19/9/2017,RDN,
636247479304,PARKER H INDUSTRIAL M SDN,C O EXPEDITORS MYSA SDN BHD,64000,22.4,FCZ,3,19/9/2017,MKZ,
776191040830,TIONG NAM LOGISTICS SOLUTIONS SDN.BHD,"D28, JALAN DPB 3,FC,PELABUHAN",81560,33,C8,5,19/9/2018,JHB,
776191040770,TIONG NAM LOGISTICS SOLUTIONS SDN.BHD,"D13, JALAN TANJUNG A/2 FCZ,",81560,9.1,C8,1,19/9/2018,JHB,
789675041785,MR AYIYA,"BLOCK 8, VENICE HILL CONDOMINI",43200,672,DR,1,19/9/2017,KUL,815
789643703766,,LEVEL 7 CENTREPOINT NORTH TOWER,59200,55.5,"C1,DIA",1,19/9/2017,KUL,823
789688000190,CASSA JAYA ENTERPRISE,"NO 21, JALAN AUSTIN HEIGHT 3/1",81100,4.2,"C1,DT",1,19/9/2017,JHB,
446785677833,SEE SONG SONS SDN BHD,"12-4, JALAN 2/114",58200,0.3,"DIA,C1",1,19/9/2017,KUL,872
484704414484,FUGRO MALAYSIA LAND SDN BHD,"NO. G-32, JALAN PUTERI 4/8",47100,19.6,"C1,DIA",1,19/9/2017,XKL,823
776187673169,ASIA AEROTECHNIC SDN. BHD.,SULTAN ABDUL AZIZ SHAH AIRPORT,47200,55.5,"C1,DT",1,19/9/2017,XKL,823
735887754393,CHEW WINSON,"29. JALAN MANJA 1, VILLA MANJA SUN",52200,33,"C1,DIA",1,19/9/2017,KUL,843
106380269840,BRONSON & JACOBS (MALAYSIA) SDN BHD,LOT PT200 JALAN ASAM JAWA 16/15,40675,1.4,"C1,DT",1,19/9/2017,XKL,915912
776181485581,KAVI TRANSPORT SERVICES,"LOT F-31, CARGO COMPLEX",64000,8.2,FCZ,1,19/9/2012,MKZ,
122484354970,AGE DOR INDUSTRIAL SDN. BHD.,"NO.65, JALAN NILAM 1/2, SUBANG",40000,88,"C1,DT",1,19/9/2017,XKL,823
789688580135,,7-1 MONT KIARA DAMAI RESORT CONDO,50480,444,"DIA,C1",2,19/9/2017,KUL,815
789684114080,MUHAMAD UMAR TAJALUDIN,"23A, JALAN MUTIARA 1/9",81300,0.9,"C1,DIA",1,19/9/2017,JHB,
121376648910,PARKER HANNIFIN IND (M) SDN BHD,"SEKYEN U8, BUKIT JETONG IND",40150,43.1,"C1,DT",10,19/9/2017,XKL,823
776189635778,OGPC SDN. BND,"NO. 1 3, JALAN RIYAL U3/37 IPARC 3",40150,621.3,"C1,DIA",5,19/9/2017,XKL,823
789681830800,TEAM MEDICAL SCIENTIFIC SDN BHD,"NO. 41, JALAN ANGGERIK VANILLA T 3",40460,2.3,"C1,DIA",1,19/9/2017,XKL,925928
776173194720,PELITA RASA AGENCY SDN BHD,LEVEL 5 WISMA SATOK,93400,0.5,DR,1,19/9/2018,KCH,
789690268537,,"LOT 84, JALAN AH PENG",28700,5.2,"C1,DIA",2,19/9/2018,KBR,
789689615015,,41 SS15/5C SUBANG,47500,22,"C1,EX,DT",1,19/9/2017,XKL,930932
102936438668,,"17, JALAN CASABELLA 1",47810,0.8,"C1,PL",1,19/9/2013,XKL,977982
440396015057,LIKOM CMS SDN BHD,"19401-1, JALAN TTC 12,TAMAN TEKNOLO",75260,8.8,"C1,DT",2,19/9/2017,MKZ,
776185092051,SENSATA TECHNOLOGIES (M) SDN BHD,"LOT 84, PERSIARAN SUBANG INDAH,",47600,22.2,"C1,DT",2,19/9/2017,XKL,815
776185194193,SENSATA TECHNOLOGIES (M) SDN BHD,"LOT 84, PERSIARAN SUBANG INDAH,",47600,111,"DT,C1",1,19/9/2017,XKL,823
712500823227,HONEYWELL ASIA REGIONAL C/O CEVA,"LOT 9A, JALAN TIANG U8/92",40150,22,"C1,C8",1,19/9/2012,XKL,823
776189856348,VALLEN SINGAPORE PTE LTD,"13, JALAN U1/35A",40150,12,"C1,DIA",1,19/9/2017,XKL,863
776189291273,M SCOPE AUTO PARTS SDN BHD,NO 53 JALAN SBC 3,68100,50.8,"C1,DIA",3,19/9/2017,KUL,823
789654955777,MIROLJUB STOJANOVIC,05-1 DESA ANGKASA CONDOMINIUM,55000,0.8,"PL,C1",1,19/9/2017,KUL,813+
789690608977,,"22A, JALAN PERISA 14 BANDAR BARU",57000,1.9,"C1,DIA",2,19/9/2017,KUL,872
789690585218,,"SUITE E-12-4, PLAZA MONT KIARA NO",50480,222.3,"PL,C1",6,19/9/2017,KUL,815
789679676829,CHRISTINA YEO,"MINISTERS OFFICE, MINISTRY OF PRI",62654,0.1,"C1,DIA",1,19/9/2017,XKL,969938
447480769374,GOODRICH GLOBAL SDN BHD,"UNIT M-2-2, BLK M, PLAZA DAMAS",50480,553.1,DR,1,19/9/2017,KUL,815
776170642977,SKK GLOBAL ENTERPRISE,LOT F1 FORWARDERS BUILDING KLAS,64000,4.5,FCZ,1,19/9/2012,MKZ,
490886495876,CURVATURE (MALAYSIA) SDN BHD,2-46 BLOCK A LOBBY C,47301,231.4,"C1,PL",50,19/9/2017,XKL,823
789691101357,INFASTECH (MALAYSIA) SDN BHD,"LOT 63, PERSIARAN BUNGA TANJUNG 1,",70400,1.9,"DT,C1",1,19/9/2017,RDN,
789685377156,SOLCREST (JB) SDN BHD,"35, JALAN BAKAWALI 43",81100,5.9,"C1,DT",3,19/9/2017,JHB,
776178475595,SEAMAP (M) SDN BHD,1 JALAN MEGA 1/3,79200,5.9,"C1,DT",1,19/9/2018,JHB,
119609673588,K-ONE TECHNOLOGY BHD,66 & 68 JALAN SS 22/21DAMANSARA JAY,47400,5.4,"C1,DT",1,19/9/2017,XKL,973972
441115391341,NICHICON (MALAYSIA) SDN BHD,"NO.4 JALANP/10, KAWASAN PERUSAHAAN",43650,0.1,"C1,DT",1,19/9/2017,RDN,
776162801963,BCS INTEGRATION SOLUTIONS SDN BHD,16680 JLN MEKANIKAL 1,71800,10,"DT,C1",1,19/9/2017,RDN,
789691929844,,263 JALAN A1 TAMAN,53100,33,"C1,PL",1,19/9/2017,KUL,839
474682275128,LABALLIANCE SDN BHD,"43, JALAN ANGGERIK VANILLA AB",40460,0.8,"C1,DT",1,19/9/2017,XKL,925928
776163559555,VR 1 NATION EXPRESS SDN BHD,CTB-B-3C KLAS CTB BUILDING,43900,2.3,FCZ,1,19/9/2012,MKZ,
776179610008,ZAINUDIN SAMSURI,NO 32 JALAN CEMERLANG 2,42700,4.1,"C1,DT,EX",4,19/9/2018,MKZ,
776185539054,SIME DARBY AUTO IMPORTS SDB BHD,"FIRST FLOOR LOT 33, JALAN PELUKIA",40150,22,DR,1,19/9/2017,XKL,863
482262337022,AIRFOIL SERVICES SDN BHD,"JALAN TEK,TAMAN SAINS SELANGOR 1",47810,8.8,"C1,DT",1,19/9/2017,XKL,823
482262337033,AIRFOIL SERVICES SDN BHD,"JALAN TEK,TAMAN SAINS SELANGOR 1",47810,55,"C1,DT",2,19/9/2017,XKL,823
776132419538,SKK GLOBAL ENTERPRISE,LOT F1 FORWARDERS BUILDING KLAS,64000,2.7,FCZ,1,19/9/2012,MKZ,
776189050900,BOON CHIANG BOH,"NO 2, JALAN ASTAKA U8/82",40150,44,"PL,C1",1,19/9/2018,XKL,823
488741226287,V MEDICAL SERVICES,NO47-4 THE HIGHWAY CENTRE,46050,175.2,"DT,C1",25,19/9/2017,KUL,823
489963868080,MULTI ACE TECHNOLOGY,NO 242-2A JALAN HARUAN 5 6 OAKLAN,70300,0.2,"C1,DT",1,19/9/2017,RDN,
776191200430,PRISMA JAYA BUMI SDN BHD,"LOT 1745 MCLD BLK 3, JALAN PRUNUS",98000,12.2,"C1,DIA",1,19/9/2019,ODN,
123033350362,JOTUN PAINTS (MALAYSIA) SDN BHD,LOT 6 PT3 SEKSYEN 16/9JALAN GUDANG,40000,6,"C1,DT",1,19/9/2017,XKL,911912
110121276450,,"7, JALAN 13/6",46200,4.5,"DIA,C1",1,19/9/2017,KUL,863
122462864282,PRIMALOY SDN BHD,JALAN SUBANG 3,47610,87.1,"C1,DIA",2,19/9/2017,XKL,823
492633454413,ROUTE 77 SDN BHD,ROUTE 77 MOTORS SDN BHD,55000,147.8,"C1,DIA",1,19/9/2017,KUL,815
678655570419,PARKER H INDUSTRIAL M SDN,C O EXPEDITORS MYSA SDN BHD,64000,1,FCZ,1,19/9/2017,MKZ,
789693068276,,"46, JALAN SETIA IMPIAN U13/6K,",40170,0.2,DR,1,19/9/2012,XKL,KAPAR+
789661503244,,"NO.31,JLN LEP 7/6,TMN LESTARI PUTR",43300,67.3,"DIA,C1",10,19/9/2017,KUL,823
776190347870,DFRESH SDN BHD,YAYASAN SELANGOR BLDG.,55100,0,DR,1,19/9/2012,KUL,825
494718829100,MYLERS JONG KIM LEONG,12-06BLOK BPANGSAPURI DWI GALAKSI,80300,1,"C1,DIA",1,19/9/2017,JHB,
112381154799,SHIVESH IYER,5-1 LEVEL 5 VERTICAL CORPORATE TOW,59200,2.4,"C1,DIA",1,19/9/2017,KUL,851
112381154777,AARON GOH,8 JALAN BU 6/4 BANDAR UTAMA,47800,288.1,"C1,DIA",1,19/9/2017,XKL,815
776173969661,CALBEE URC MALAYSIA SDN. BHD.,"PLO 370, JALAN PERAK TIGA",81700,0.2,DR,1,19/9/2012,JHB,
789693797742,,"NO 52, JALAN BATU JAUHAR 6,",68100,44,"C1,DIA",6,19/9/2017,KUL,823
776186190183,LST FRESH FRUITS (M) SDN BHD,"182-190,JALAN 2/3A, BANDAR UTARA",68100,0.1,DR,1,19/9/2012,KUL,
776190172279,FRUITACE MARKETING SDN BHD,S/L 31-32 LRG 7A DEMAK LAUT,93050,0.5,DR,1,19/9/2013,KCH,
439142839892,MHE MEDICAL SUPPLIES,12-B LEVEL 2 BLOCK 4WORLDWIDE BUS C,40150,4.5,"C1,DT",1,19/9/2017,XKL,911926
776186831220,TRICOR CORPORATE SERVICES SDN BHD,"UNIT 30-01,LEVEL 30,TOWERA VERT BU",59200,0.5,DR,1,19/9/2012,KUL,851
101429654738,"KOSSAN INTERNATIONAL SDN,BHD","KU8, KAWASAN PERINDUSTRIAN MERU",41050,0.6,"DIA,PW",1,19/9/2017,XKL,KAPAR+
790983948052,,"LOT GF-01,GROUND FLOOR",64000,3,FCZ,1,19/9/2012,MKZ,
491567945032,GREEN COMPUTING SERVICES SDN. BHD.,"H-07-2, PUSAT PERDAGANGAN BANDAR",57000,77,"DIA,C1",1,19/9/2017,KUL,823
491647785340,HAMILTON SUNDSTRAND CUSTOMER SUPPOR,"NO. 9, LENGKUK KELULI 2 ,BUKIT RAJA",41050,12.2,"C1,DT",1,19/9/2017,XKL,KULBK+
668685144170,MICRON SEMICONDUCTOR MALAYSIA S/B,"NO. K93 (PLO 74), JALAN PERINDUSTR",84007,2.5,"C1,DT",1,19/9/2017,MUR,
122726315854,LUMESSE MALAYSIA,SUITE 826,,1.8,"C1,PL",1,19/9/2017,XKL,823
776193161958,COHU MALAYSIA SDN BHD,"NO 5203-1, JALAN PAK 2/3",75450,36.3,"C1,DT",2,19/9/2017,MKZ,
776167083378,CONVEX MALAYSIA SDN BHD,KUALA LUMPUR CONVENTION CENTER,50088,33,DR,1,19/9/2012,KUL,823
789691271850,AIA BHD,AIA BHD RACC AGENCY,46200,12,"C1,DIA",1,19/9/2017,KUL,863
789686776032,MR. TING CHUN LIN DOMINIC,PRUDENTIAL ASSURANCE MALAYSIA BERH,41200,10.2,"C1,DIA",1,19/9/2017,XKL,823
474701196317,WOAN CHIOU SEE,"62, JALAN EMAS 7,BANDAR SUNGAI EMA",42700,2.7,"C1,DIA",1,19/9/2018,MKZ,
789691291531,,2 6 12A BLOK B SENTROVUE APARTMENT,42300,65.4,"C1,DIA",10,19/9/2018,SZB,
480964264011,,"27, JALAN SETIA INDAH U13/13M",40170,1.4,"C1,DIA",1,19/9/2017,XKL,KAPAR+
464851438499,BACCUS MARKETING SDN BHD,"56, JALAN PERNIAGAAN SETIA 6",81100,0.6,"C1,DT",1,19/9/2017,JHB,
776194504227,B M CONSULTANCY SERVICES SDN BHD,"LEVEL 21, THE GARDENS SOUTH TOWER",59200,0.5,DR,1,19/9/2012,KUL,853
452006166117,INFINEON TECHNOLOGIES (M) SDN BHD,BATU BERENDAM,75350,1.8,C8,1,19/9/2017,MKZ,
109687028847,JOBSTREET.COM SDN BHD,"LEVEL 20, MENARA AIA CAP SQUARE",50100,66.4,"PL,C1",5,19/9/2018,KUL,823
118454140057,C/O POS LOGISTICS BERHAD,POS AVIATION CARGO COMPLEX,64000,0.5,FCZ,1,19/9/2017,MKZ,
776189386233,CHEMOPHARM SDN BHD,NO 11 JALAN TPP 5/1,47100,32.7,"PW,DT",2,19/9/2012,XKL,823
776188674106,SHEARN DELAMORE CO.,"7TH FLOOR, WISMA HAMZAH-KWONG HING",50100,6.4,DR,1,19/9/2012,KUL,823+
776185573704,GE ENGINE SERVICES MALAYSIA SDN BHD,"AERO BLDG, MAS COMPLEX A",47500,0.9,"C1,DT",1,19/9/2017,XKL,KULBK+
789692118462,KUMPULAN ABEX SDN BHD,"LOT 2-6, JALAN SU/16A,LION INDUSTRI",40400,1.8,C1,2,19/9/2017,XKL,921926
467847929759,SIMPRO ENGINEERING SDN BHD,"NO 24 1, PLAZA PUCHONG",58200,8.3,"DT,C1",1,19/9/2017,KUL,823
120456767177,,12 JALAN 16/14,46350,33,"DIA,C1",1,19/9/2017,KUL,863
776187924526,B M CONSULTANCY SERVICES SDN BHD,"LEVEL 21, THE GARDENS SOUTH TOWER",59200,0.1,DR,1,19/9/2012,KUL,853
455047895420,WONG PARTNERS,"LEVEL 21, SUITE 21.01",59200,11,DR,1,19/9/2012,KUL,853
776177511741,BIOCON SDN BHD,"NO.1, JALAN BIOTEKNOLOGI 1,",79200,0.5,"PW,DT",1,19/9/2013,JHB,
776192145039,KAIZAN AERO MANUFACTURING SDN BHD,NO. 19 JALAN TPP 6/4TAMAN PERINDUST,47100,4.3,"C1,DT",1,19/9/2017,XKL,823
113481964893,TAKNET SYSTEMS SDN BHD,"C-02-10, PAVILION, JLN PUTERI 7/13,",47100,2.1,"DT,C1",1,19/9/2017,XKL,823
114158396837,LOT 5 JALAN SUNGAI KAYU ARA 32/37,TAMAN BERJAYA SEKSYEN 32 SHAH ALAM,40460,22,DR,1,19/9/2012,XKL,929928
776188395676,ALLIANCE BANK MALAYSIA BERHAD,NO. 3 JALAN SS15/2A,47500,0.2,DR,1,19/9/2012,XKL,930932
789696058127,CURVATURE (MALAYSIA) SDN BHD,2-46 BLOCK A LOBBY C,47301,7.7,"C1,PL",1,19/9/2017,XKL,823
789681549010,GES MANUFACTURING SERVICES M SDN BH,PLO 34 FASA 2 KAWASAN,81400,1.8,"C1,DT",1,19/9/2018,JHB,
776192919217,FLEXMODUS SDN BHD,"NO 1, JALAN P219A",43500,0.1,"C1,DT",1,19/9/2017,RDN,
438796414280,CANTERAN APPAREL SDN BHD,28 JALAN BAKAU,86000,6.7,"PW,DT",1,19/9/2012,KUD,
115742336960,LEES FROZEN FOOD SDN BHD,"B 01-D-16-1 2, MENARA 2,",59200,0.5,DR,1,19/9/2013,KUL,851
789696385791,,"3, LORONG DAMAI 10",55000,0.5,"DIA,C1",1,19/9/2017,KUL,813
811871781382,SWISSMED SDN BHD,C-10-30 KOMPLEKS RIMBUN SCOTT,58100,87.1,"C1,DIA",11,19/9/2017,KUL,871
113062510565,RAHMAT LIM PARTNERS,STE 33 01 LEVEL 33 GARDENS N TOWER,59200,0.5,DR,1,19/9/2012,KUL,853
790984014825,,"LOT FA 06 , FORWARDER BUILDING",43900,10,BRK,1,19/9/2012,MKZ,
108249799108,GENTING MALAYSIA BERHAD,28 JALAN SULTAN ISMAIL,50250,33.5,"C1,PL",1,19/9/2017,KUL,823
468270342026,LUEN HENG F B SDN BHD (835510-K),"WISMA LHFB, LOT 45A 46A, JALAN",57100,0.2,DR,1,19/9/2013,KUL,810
776184196682,PANELTEK SDN BHD,"NO 57-B, JALAN USJ 21/11 UEP",47620,0.5,DR,1,19/9/2013,XKL,939934
438979156671,WEG SOUTH EAST ASIA SDN BHD,22 JALAN UTARID U5/26,40150,6.3,"C1,DT",1,19/9/2018,XKL,823
776193055630,SHAVES2U.COM,"LEVEL 18, AXIATA TOWER, NO 9,",50470,30,C1,1,19/9/2017,KUL,823
122914705021,ALL EIGHTS (M) SDN BHD,45 JALAN TS6/10A,47610,27.2,"PW,DT",1,19/9/2012,XKL,823
790984561180,,"LOT FA 06 , FORWARDER BUILDING",43900,3,DR,1,19/9/2012,MKZ,
465939823267,CONTINENTAL TIRE PJ MALAYSIA SDN B,"2, JALAN TANDANG 46050PETALING JAY",46050,60,DR,1,19/9/2017,KUL,823
776194724316,RHB BANK BERHAD,"NO. 16 AND 18, 1ST FL,, SEKSYEN 9",40100,0.4,DR,1,19/9/2012,XKL,911926
790984354286,,"LOT GF-01,GROUND FLOOR",64000,5,FCZ,1,19/9/2012,MKZ,
114450306056,"KOTA KEMUNING, SEKSYEN SECTION 31","10, JALAN ANGGERIK ARANDA, 31/41",40460,0,DR,1,19/9/2012,XKL,929928
789697485301,NO. 41B JALAN USJ 10/1A,SELANGOR DARUL EHSAN,47620,0.5,DR,1,19/9/2013,XKL,939934
814016312216,PARAGON HOLDINGS.,"A-09-3 VERTICAS RESIDENSI, N 10",50200,326.9,DR,22,19/9/2013,KUL,823
790984659974,,"LOT GF-01,GROUND FLOOR",64000,5,FCZ,1,19/9/2012,MKZ,
789668280937,,TAMAN PULAU,87000,9.8,C8,1,19/9/2017,LBU,
789650796044,PT REACH INTERNATIONAL (M) SDN BHD,PA-S-05(1) PEARL AVENUE JALAN PASI,43000,0.1,"PND,DR",1,19/9/2013,RDN,
475552008620,QNET LTD C/O QUEX COURIER SDN.BHD.,3RD FLOOR KOMPLEKS PENCHALA,46150,237,C8,30,19/9/2012,XKL,KULAAA
439358385583,ABBOTT MEDICAL (MALAYSIA) SDN BHD,"JALAN SS16/1, SS 16",47500,53.1,"C1,DT",5,19/9/2017,XKL,930932
789663412260,-NT(M)SDN BHD/ADD:NO 1-2 LOT NO 1,JIN RAYA BARAT 2/KS 1 PUSAT PERNIA,41100,0.5,BRK,1,19/9/2013,XKL,993916
789698929860,GLORIAMEMAR,"3-23A-5, ICON RESIDENCE, JALAN DUT",51200,523.4,"C1,PL",1,19/9/2013,KUL,815
776178388261,ANSELL N P SDN BHD,LOT 80 AIR KEROH INDUSTRIAL ESTATE,75450,0.5,DR,1,19/9/2013,MKZ,
812713277858,PETRONAS TRADE FINANCE,"LEVEL 57, TOWER 1 - PETRONAS",50088,299.8,DR,15,19/9/2013,KUL,823
462858632524,SUNPOWER MALAYSIA MANUFACTURING SDN BHD,MELAKA WORLD SOLAR VALLEY,78000,1.4,"C1,DT",1,19/9/2017,MKZ,
475552002345,TACH CAPITAL SDN.BHD.SAND,BOX 2 BLOCK 3710 PERSIARAN,63000,0.2,"PND,DR",1,19/9/2013,XKL,969938
121689862561,MALAYSIAN MOSAICS SDN BHD,4TH MILE JALAN BATU PAHAT KLUANG,86000,10.3,"DR,PND",1,19/9/2017,KUD,
121689862610,,P-01-12 LAMAN PERKASA JALAN FOREST,81550,5.7,"PND,DR",1,19/9/2017,JHB,
475985831780,ATA INDUSTRIAL (M) SDN BHD,"NO.9,JALAN RIANG 24,TAMAN GEMBIRA,",81200,2.6,"C1,DT",1,19/9/2013,JHB,
776195111978,ARMADA EMERALD SDN BHD,"UNIT NO. 16-3A, PLAZA AZALEA",40000,22,"DR,PND",1,19/9/2013,XKL,911926
789650665513,SAZEEB AHMED,ENDAH REGAL BLOCK B-5-5 TAMAN SRI,57000,0,"DR,PND",1,19/9/2013,KUL,872
789665890409,KUANG SECOND HAND SHOPPE,LOT NO 257 TEPI KAMPUNG CEMPEDAK,48050,0.3,"PND,DR",1,19/9/2017,XKL,
475483786593,TNT EXPRESS WORLDWIDE (M) SDN BHD,"LOT 5834, JALAN LENGKUK EMAS",71800,0.1,"C1,DT",1,19/9/2013,RDN,
475483786505,FEDERAL EXPRESS SERVICES (M) S/B,17 JALAN TSB 8,47000,50.9,"DIA,C1",1,19/9/2013,XKL,823
121414663374,FREESCALE SEMICONDUCTOR M S/B,NO 2 JLN SS 8/2,47300,63.3,C8,3,19/9/2012,XKL,MKZAC8
776195733188,MAGNETONE IMAGING (M) SDN BHD(6348,"UNIT G-8, KLH BUSINESS PARK, MENAR",47100,4,"PND,DR",1,19/9/2013,XKL,823
776195655709,FINN CHEMICALS SDN BHD,"7B, PERSIARAN JUBLI PERAK SEKSYEN",40300,8,"PND,DR",1,19/9/2017,XKL,925926
488508423900,MR T. ANANDA KRISHNAN,USAHA TEGAS SDN BHD,50088,12,"PND,DR",1,19/9/2012,KUL,823
488508112434,SUITE 50-6-3 LEVEL 6,"WISMA UOA DAMANSARA,",50490,222.6,"DR,PND",20,19/9/2013,KUL,823
776196111562,GPI ENGINEERING & CONSTRUCTION SUPPLY,F.A.O. CAIN WONG,6000,1.1,"C1,DT",1,19/9/2017,SZB,
481302004089,VISHAY SEMICONDUCTOR (M) SDN BHD,NO 1710 1 KAWASAN PERINDUSTRIAN,75250,27.3,"C1,DT",2,19/9/2012,MKZ,
810433233920,TOURISM MALAYSIA,ARAS 8 NO 2 TOWER 1,62200,2,DR,1,19/9/2013,XKL,969938
438855119060,TWENTY LOGISTICS TRADING,LOTGF-01GROUND FLOOROFFBUILDINGKLA,64000,5.5,FCZ,1,19/9/2012,MKZ,
776195412012,Q MAN TRADING SDN. BHD.,"57, JALAN BAKTI 54, TAMAN MUTIARA",81300,1,"DR,PND",1,19/9/2013,JHB,
812314323890,NIL,1D JALAN CHERAS PERMAI 3 TAMAN,43200,36.1,DR,5,19/9/2013,KUL,815
776196233581,A N MARKETING,MAS CARGO AGENTS COMPLEX,64000,28.5,FCZ,3,19/9/2017,MKZ,
776196225734,A N MARKETING,MAS CARGO AGENTS COMPLEX,64000,37.5,FCZ,1,19/9/2017,KUL,863
488508427023,MS SIEW LAN SEOW,"33, JALAN PUTERI 10/9",47100,53.5,"DR,PND",10,19/9/2013,XKL,823
488508426851,25 JALAN TASIK DAMAI 6,"2 JALAN CEMPAKA SD12/4A,",52200,1.1,"DR,PND",1,19/9/2013,KUL,
488508426510,HRH SULTAN IDRIS SHAH,WISMA CONCORD 5TH FLOOR,50250,33,"DR,PND",1,19/9/2013,KUL,823
488508427104,MS THERESA MANORANJITHAM RAJAHSER,113 JALAN DESA MAKMUR,58100,1.1,"DR,PND",1,19/9/2013,KUL,823
488508427034,MR BRANDON CHONG MENG TAN,60 JALAN ELITIS DAHINA,47000,1.1,"DR,PND",1,19/9/2013,XKL,KULAAA
488508427192,"AP 4-6-2 20TREES,",JALAN 203C TAMAN,53100,22,"DR,PND",1,19/9/2013,KUL,839
488508427160,MR RAFIEE BIN ABDUL GHANI,32 LORONG MAHKOTA IMPIAN 2/20,42300,1.1,"DR,PND",1,19/9/2017,SZB,
488508426818,MR JOSHUA YI-SHAUN TAN,29 JALAN UTARA,46200,1.1,"DR,PND",1,19/9/2013,KUL,863
776195250614,EXPEDITORS (M) SDN BHD,"LEVEL 11, TOWER 2, WISMA AMFIRST,",47301,74.2,DR,1,19/9/2012,XKL,823
776195735570,TEKNION FURNITURE SYSTEMS (M)SDNBH,"LOT 761, JALAN HAJI SIRAT",42100,14.8,C1,3,19/9/2013,XKL,KAPAR+
813398820908,ZOOM NINE G SDN BHD,"LOT C22, MASKARGO FRT FOR WARDERS,",64000,0.8,"PND,DR",1,19/9/2012,MKZ,
677303429760,STERNMAID ASIA PACIFIC SDN BHD,"NO. 14, JALAN TEKNOLOGI PERINTIS",79200,5.3,"C1,DIA",2,19/9/2017,JHB,
810063898730,WATSONS PERSONALCARE STORES SB,"20.03-20.06, 19/F CENTRAL PLZ",50250,155,"DR,PND",1,19/9/2011,KUL,
813746786968,LANTAS RESORUCES SDN BHD,LR AGRICARE TRADING SERVICES NO4,43000,15.5,"DR,PND",2,19/9/2012,RDN,
776196568301,IKANO JOHOR JAYA SDN BHD,"NO. 33A, JALAN HARMONIUM,",81100,6,"DIA,C1",1,19/9/2017,JHB,
121432381617,TSUJIMOTO (M) CORPORATION SDN BHD,"NO.14, JALAN SRI PLENTONG 10",81750,0.5,"C1,DT",1,19/9/2013,JHB,
789702468210,IPSB TECHNOLOGY,N-5-1(A) GARDEN OFFICE,47810,2.5,"C1,DT",1,19/9/2013,XKL,977982
776195747346,THOR SPECIALTIES SDN BHD,14 JALAN BURSA 23/4,40300,6,"DT,C1",1,19/9/2013,XKL,925926
776195756189,EEMED INTERNATIONAL SDN BHD,"NO.15-1, JALAN ALAM SUTERA 10",57000,67.3,"C1,DT",1,19/9/2017,KUL,823
106644007468,CLARIANT SPECIALTY CHEMICAL SDN BH,NO 79 80 HICOM SECTOR B,40000,1.5,"DR,PND",1,19/9/2013,XKL,927928
776196114664,NONEX,"NO 1, JALAN JATI 11, A2-01-04 NUSA",81300,3,"DIA,C1",1,19/9/2017,JHB,
813351847571,CHAN KAH KIM,B 16-01 PV 10 PLATINUM LAKE CONDO,53300,77.4,DR,1,19/9/2020,KUL,823
473496015740,GE ENGINE SERVICES MALAYSIA SDN BHD,MAS ENGINEERING OPERATIONS,47200,34,"C1,DT",1,19/9/2013,XKL,KULBK+
811321819429,,109 JALAN ORKIDS 5 TAMAN ORKIDS,43207,2,DR,1,19/9/2013,XKL,KULAAA
789699268604,NICHICON (MALAYSIA) SDN BHD,NO. 4 JALAN P/10,43650,7,"C1,DT",1,19/9/2017,RDN,
776196963881,,38 JALAN SERENE KIARA 6,50480,3.5,"PL,C1",10,19/9/2017,KUL,815
812314339476,"SEC GEN, ISLAMIC FIN SER BOARD","LEVEL 5, SASANA KIYANG BANK, NEGAR",50480,0.5,DR,1,19/9/2013,KUL,815
776196448167,MEDICAL CLAIM CENTRE,3B-15-3A BLOCK 3B,50470,11,DR,1,19/9/2012,KUL,823
789703641086,INOVATIF MEDIA ASIA,SDN BHD,47301,2.9,DR,1,19/9/2017,XKL,971972
789703443738,,NO.14A JALAN HUJAN RAHMAT 3,58200,0,DR,1,19/9/2013,KUL,871
452482858956,KANEKA (MALAYSIA) SDN BHD,JALAN GEBENG 2/3 LOT 123-124,26080,0.2,DR,1,19/9/2017,KUA,
776197114660,,139 JALAN TUN TAN CHENG LOCK,75200,0.2,"PL,C1",1,19/9/2013,MKZ,
776196382104,BRONSON & JACOBS (MALAYSIA) SDN BHD,(LOT 2). NO.47 JALAN UTAS 15/7,40200,46,"C1,DIA",2,19/9/2017,XKL,911926
458248157557,C/O K-LINE LOGISTICS (M) SDN BHD,"LOT C24, MASKARGO FREIGHT",64000,54.9,FCZ,8,19/9/2013,MKZ,
776195986522,JENNY GAN CHAI LIAN,"543, JALAN SRI PULAI 35",70400,1,DR,1,19/9/2017,RDN,
489355435201,KOBOLD INSTRUMENTS SDN BHD,"N. 58, JLN. PUTERI 5/5",47100,22,"DIA,C1",1,19/9/2017,XKL,823
789704597851,,C/O HSAP SDN BHD,81500,8.1,C8,2,19/9/2017,JHB,
652070418621,BAT ASPAC SERVICE CENTRE SDN BHD,REG PRODUCT CENTRE WISMS GUOC,50490,3.6,"PND,DR",1,19/9/2017,KUL,823
776195739186,,"M1-2-17, BLOCK SERI MERPATI 1,",55100,11,"DR,PND",1,19/9/2017,KUL,815
776195727220,,104 PINGGIR ZAABA,60000,0.5,"DR,PND",1,19/9/2018,XKL,979974
776195786685,,"1, JALAN NYAMAN",58200,0.5,"DR,PND",1,19/9/2017,KUL,872
776195775541,,"PERSIARAN SINGGAHSANA,BUKIT JELUTO",40150,0.5,"DR,PND",1,19/9/2017,XKL,823
776195815560,,"973, JALAN S2 F22",70300,0.5,"DR,PND",1,19/9/2017,RDN,
776195748673,,"LOT 558, JALAN 7,",68000,221.9,"DR,PND",10,19/9/2017,KUL,815
776195763559,,"LOT 2932A-7,",47000,0.5,"DR,PND",1,19/9/2017,XKL,985982
776195807654,,"LG-22,BLOK EMPIRE GALERI,EMPIRE DA",47301,0.5,"DR,PND",1,19/9/2017,XKL,979976
813822925154,AIRBUS HELICOPTERS MALAYSIA,MALAYSIA INTL AEROSPACE CENTRE,47200,184.3,"C1,DT",5,19/9/2012,XKL,823
109749276630,PPG COATINGS CO.(MALAYSIA) SDN BHD,"NO. 3, JALAN 205,SEKSYEN 51",46050,1.8,"C1,DT",1,19/9/2013,KUL,823
789704693057,ACEZ WONG,51 JALAN USJ 2/4M,47600,18.4,"PL,C1",1,19/9/2013,XKL,823
776196118008,INTERSCIENCE SDN BHD,2 JALAN SG KAYU ARA 32/38,40460,10.8,"C1,DT",2,19/9/2017,XKL,929928
789700561340,RAVEN EDUCATION SERVICES,"LOT 6623, GROUND FLOOR, JALAN",93450,4,"DR,PND",1,19/9/2017,KCH,
813749452754,WISMA LEBAR DAUN,NO. 2 JALAN TENGKU AMPUAN,40000,5,"DR,PND",1,19/9/2012,XKL,911926
810375350572,NANO MECHATRONICS SDN BHD,NO 14 LORONG HAJI ABDUL MANAN 1,41050,1.6,"DIA,C1",1,19/9/2013,XKL,KAPAR+
121432383138,CRESCENTECH MANUFACTURE SDN BHD,65 JALAN CEMERLANG,81800,0.4,"C1,DT",1,19/9/2013,JHB,
108641389297,"HUSSEIN BIN SYED MUSTAFA, SYED",NO 2 JALAN PJU7 9,47800,1.3,"C1,DIA",1,19/9/2013,XKL,979976
789705129235,GE ENGINE SERVICES MALAYSIA SDN BHD,MAS COMPLEX A-A1802 SULTAN ABDUL-,47200,6.8,"C1,DT",1,19/9/2013,XKL,KULBK+
106886332399,PNSB WATER SDN. BHD.,WATER QUALITY LABORATORY SERVICE,45600,0.3,"DR,PND",1,19/9/2018,SZB,
106886332403,TEAM MEDICAL SCIENTIFIC SDN BHD,NO. 41 JALAN ANGGERIK VANILLA T 3,40460,0.3,"DR,PND",1,19/9/2017,XKL,925928
121432384237,FLEXTRONICS SHAH ALAM SDN BHD,"PLOT D26, JLN DPB/4,KAW ZONE",81560,33,C8,5,19/9/2017,JHB,
789700739892,UNIQUE SYSTEMS AND AUTOMATION (M) SDN BHD,"61, JALAN S2 D36",70300,0.3,"C1,DIA",1,19/9/2017,RDN,
789705997355,CHIN HOO NG,100 JALAN ATHINAHAPAN 1,60000,3.4,"DIA,C1",1,19/9/2017,XKL,979974
812313058731,ARAB POTASH CO. PLC,UNIT1-17-3A MENARA BANGKOK BANKBE,50450,33,DR,20,19/9/2013,KUL,823
672017636395,NIK SAGHIR ISMAIL,"BLK 1, 15-B, 2ND FL. W.B. PARK",40675,44,DR,1,19/9/2013,XKL,911926
776197693724,SRIJANIS SDN. BHD. (446858-M),"LOT 10772, JALAN GEBENG 1/23",26080,0.4,"C1,DT",1,19/9/2017,KUA,
776198059100,LINTESS TECHNOLOGIES SDN BHD,"F-02-02 KETUMBAR HILL CD ,JALAN KET",56100,2.5,"C1,DT",1,19/9/2013,KUL,890
789706646135,GE ENGINE SERVICES MALAYSIA SDN BHD,MAS COMPLEX A-A1802 SULTAN ABDUL-,47200,1.4,"C1,DT",1,19/9/2013,XKL,KULBK+
789706513634,HAMILTON SUNDSTRAND CUSTOMER SUPPOR,"NO. 9, LENGKUK KELULI 2 ,BUKIT RAJA",41050,7,"C1,DT",1,19/9/2013,XKL,KULBK+
810350153860,AIROD SDN BHD,"JALAN TUDM, SUBAND AIRPORT",47200,4.9,"C1,DT",1,19/9/2013,XKL,823
776184321186,MALINDO AIRWAYS SDN.BHD K2 C/O,"MEZZANINE FLOOR CTB-B-05,",64000,47,FCZ,1,19/9/2013,MKZ,
789689779821,LIM SEI YIN,6 JALAN PJU 1A/23,47301,4.1,"DIA,PW",1,19/9/2017,XKL,955956
789704275745,MANG LIAN KHAI,C1-03-06 SUBANG PERDANA COURT 3,47610,8.9,"DR,PND",1,19/9/2017,XKL,823
105205715986,FARED ZAINAL,20 JALAN PULAU LUMUT U10/69B,40170,1,"C1,PL",1,19/9/2013,XKL,SZBAAA
776198508456,JEROME MARTINENT,"E-13A-20, BLOCK E, PLAZA MONT KIAR",50480,12,"DT,C1",9,19/9/2013,KUL,815
776196512592,HID GLOBAL SDN BHD,"NO 2, JALAN I-PARK 1/1",81000,25.5,"C1,DT",2,19/9/2017,JHB,
121432384720,FLEXTRONICS SHAH ALAM SDN BHD,"PLOT D26, JLN DPB/4,KAW ZONE",81560,2.1,C8,1,19/9/2017,JHB,
121432384708,FLEXTRONICS SHAH ALAM SDN BHD,"PLOT D26, JLN DPB/4,KAW ZONE",81560,1.3,C8,1,19/9/2017,JHB,
776198295300,SEARCH MUSIC SDN BHD,"NO G-9, 1-9 JALAN CENUK 2BANDAR PUC",47100,20.6,"C1,DIA",8,19/9/2012,XKL,KULAAA
114362161375,,"40, JALAN SETIAKASIH SATU,",50490,0.3,"C1,DIA",1,19/9/2017,KUL,823
112381155030,TELEMAJU SYSTEM SDN BHD,TELEMAJU SDN BHD,47100,333.2,"C1,DIA",5,19/9/2017,XKL,815
789707836397,,"5-42-2, SINARAN SATU,",40460,1.7,"C1,DIA",1,19/9/2013,XKL,925928
789708180677,ALZHMRE,A2-09-11 FLEXIS ONE SOUTH,43300,33,DR,1,19/9/2013,KUL,823
789708265625,,67 JALAN LINCAH TAMAN CONNAUGHT,56000,1.8,"C1,DIA",1,19/9/2013,KUL,893
776195366649,APICAL SCIENTIFIC SDN. BHD.,TAMANG SERDONG PERDANA SEKSYEN 2,43300,0.5,"C1,DT",1,19/9/2013,KUL,823
776199066473,INTAC RESOURCES SDN BHD MALAYSIA,"14-2 JALAN PEGAGA F U12/F,",40170,9.5,C1,1,19/9/2013,XKL,917912
776196602447,KAIZAN AERO MANUFACTURING SDN BHD,NO 19 JALAN TPP 6/4,47160,5,"C1,DT",1,19/9/2013,XKL,823
814083959262,IRIS CORPORATION ON BERHAD,PARK MALAYSIA BUKIT,57000,33,DR,1,19/9/2013,KUL,823
111410415955,ISOCHEM M SDN BHD,NO 6 JALAN ANGGERIK MOKARA 31/45,40460,2,"PND,DR",1,19/9/2013,XKL,929928
776195829085,MEGAPOWER MANUFACTURING (M) SDN BHD,", JALAN KPB 7,",43000,2,"C1,DIA",1,19/9/2017,RDN,
789708704340,CHLOE HOONG (BARROW ALUMINIUM SDN,"10, JALAN METRO PERDANA BARAT 11,",52100,1.1,"PL,C1",1,19/9/2013,KUL,840
789708908889,GE ENGINE SERVICES MALAYSIA SDN BHD,MAS COMPLEX A-A1802 SULTAN ABDUL-,47200,2.7,"C1,DT",1,19/9/2013,XKL,KULBK+
813647033800,HERWANDI CHARMADI,D-LG2-2 RIANA GREEN EAST 11,53300,333,"PND,DR",1,19/9/2017,KUL,
813647033811,KHAIRUL AZRIN BIN ABD KADIR,NO.16-18 LORONG 3 TAMAN CENDRAWASI,25000,0.6,"PND,DR",1,19/9/2017,KUA,
813647033156,HELMIE SYAMSUL BIN ZAINAL ABIDIN,NO.4 JALAN SEJABAK 13,81700,1,"PND,DR",1,19/9/2017,JHB,
776195943530,GE ENGINE SERVICES MALAYSIA SDN BHD,MAS ENGINEERING OPERATIONS,47200,33,"C1,DT",1,19/9/2017,KUL,XKLA
119151507540,ADVAL TECH (MALAYSIA) SDN BHD,NO. 9 JALAN TAMPOI 7/4,81200,,"C1,DT",1,19/9/2013,JHB,
789709157701,,"NO.114, LOT 2527",93200,0.5,"DT,C1",1,19/9/2017,KCH,
789709039765,GE ENGINE SERVICES MALAYSIA SDN BHD,MAS COMPLEX A-A1802 SULTAN ABDUL-,47200,1.4,"C1,DT",1,19/9/2013,XKL,KULBK+
789708962680,GE ENGINE SERVICES MALAYSIA SDN BHD,MAS COMPLEX A-A1802 SULTAN ABDUL-,47200,1.4,"C1,DT",1,19/9/2013,XKL,KULBK+
103491839834,INTERSCIENCE SDN BHD,"2, JALAN SUNGAI KAYU ARA 32/38",40460,0.9,"C1,DT",1,19/9/2013,XKL,929928
776191021330,FLEXTRONICS SHAH ALAM SDN BHD,"PLOT D26, JLN DPB/4,KAW ZONE",81560,10.4,C8,1,19/9/2018,JHB,
776197502348,BIGLIFE SDN.BHD,"LEVEL 4 WISMA TUNE,LORONG DUNGUN",50490,6.4,DR,1,19/9/2013,KUL,823
121432385726,FLEXTRONICS SHAH ALAM SDN BHD,"PLOT D26, JLN DPB/4,KAW ZONE",81560,2.2,C8,1,19/9/2017,JHB,
121432382955,FLEXTRONICS SHAH ALAM SDN BHD,"PLOT D26, JLN DPB/4,KAW ZONE",81560,1.6,C8,1,19/9/2017,JHB,
789709923750,,"BLOCK B-2,PUNCAK BAIDURI APARTMENT",43200,3.3,"PW,DIA",5,19/9/2013,KUL,815
776193098286,KAVI TRANSPORT SERVICES,"LOT F-31, CARGO COMPLEX",64000,0.9,FCZ,1,19/9/2013,MKZ,
789710464039,,234 JALAN 48A,56100,0.5,"C1,PL",1,19/9/2013,KUL,893
479761323406,TESSA THERAPEUTICS SDN BHD,"NO F-55-G, JALAN TEKNOLOGI 3/9",47810,333.2,"C1,DIA",20,19/9/2017,XKL,823
111900040502,MALAYSIA NEWSPRINT INDUSTRIES SDN,"LOT 3771, JALAN LENCONGAN, PAHANG",28400,0.7,DR,1,19/9/2017,KBR,
789711184716,,KING HENRY VIII COLLEDGE,63000,0.9,DR,1,19/9/2013,XKL,969938
121051646824,PORT KLANG,"LIU UNIT D1, JALAN FZ6 - P3",42920,63,"C1,PL",4,19/9/2017,XKL,997918
776196898130,AMR ZENWORKS SDN BHD,"G-02-07, JALAN PJU 1A/3M",47301,8.1,"PND,DR",1,19/9/2013,XKL,955956
814817298515,ATTN LYE WAY HOON,"29-2, JALAN RADIN ANUM DUA",57000,1,DR,1,19/9/2017,KUL,872+
776198596874,BOMBARDIER (MALAYSIA) SDN BHD C/O M,TTS OFF SATELLITE A WEST ARM,64000,3.6,"DIA,C1",1,19/9/2013,MKZ,
789711679088,,119 LINTANG PARK UTARA,93200,0.4,"PL,C1",1,19/9/2017,KCH,
454567291071,SAMSUNG,"LEBUH 2, NORTH KLANG STRAITS, AREA",62200,12.2,"DT,C1",1,19/9/2013,XKL,KAAPR+
789711832589,,BSP 21 JALAN SANJUNA PUTRA BANDAR,42610,0.5,DR,1,19/9/2013,XKL,999916
789711420003,CHAN SHALLYN,"B-19-01, SENI MONT KIARA, NO 2A CH",50480,0.7,"PL,C1",1,19/9/2013,KUL,815
789711525497,,COUP MARKETING ASIA PACIFIC SN BHD,59200,33,DR,1,19/9/2013,KUL,851
776197280220,KAVI TRANSPORT SERVICES,"LOT F-31, CARGO COMPLEX",64000,0.9,FCZ,1,19/9/2013,MKZ,
433695773633,,12 JALAN SS20/25,47400,1.3,"C1,DIA",1,19/9/2017,XKL,973972
478635797376,NITTO DENKO MATERIALS SDN BHD,BHD 2 PERSIARAN BUDIMAN,40300,11.6,"C1,DT",4,19/9/2013,XKL,925926
776198797876,PALL MALAYSIA SDN BHD,"LEVEL 29-01, PJX-HM SHAH TOWER",46200,40.2,DR,1,19/9/2013,KUL,823
789711964944,,"BLOCK A-3A-05 CONDO OPAL, JALAN PJ",47810,0.9,"C1,PL",1,19/9/2013,XKL,979976
789712393311,,"NO.3, JALAN 6/32A, OFF BATU 6 1/2,",52100,0.4,"PL,C1",1,19/9/2013,KUL,840
789711895826,BIANCA LIND INDOT,257 JALAN PERSIARAN TAMALAN,47000,0.4,"PL,C1",1,19/9/2013,XKL,KULAAA
789711892702,GRACE NIANNGAIHMOI,B-15-01 SUNWAY PALAZZIO,50480,66,"PL,C1",3,19/9/2013,KUL,815
466559740757,CITIGROUP,165 JALAN AMPANG,50450,12,"C1,DT",1,19/9/2013,KUL,823
813496934837,WEATHER FORD MALAYSIA,SDN BHD,,0.1,C8,1,19/9/2017,LBU,
549670418055,VEGASARI TEKNOLOGI SDN BHD,26B 2ND FLOOR JALAN SS 3/33 SELANG,47300,4.1,"DIA,C1",1,19/9/2013,XKL,823
776193507962,,"NO. 2, JALAN ANGGUN 1E",48000,60,DR,1,19/9/2013,XKL,823
789712757932,,1 JALAN WARAS 2,56000,33,"C1,DIA",1,19/9/2013,KUL,890
789707084490,NOVUGEN PHARMA MALAYSIA SDN BHD,"NO:3, JALAN JURURANCANG U1/21,",40150,2,DR,1,19/9/2017,XKL,863
789713336940,,"A-08-06, GATEWAY KIARAMAS,",50480,0.2,DR,1,19/9/2013,KUL,815
789713199284,PAC-WORLDWIDE MALAYSIA,"LOT 5, JALAN LADA HITAM SATU 16/12",40200,0.1,DR,1,19/9/2013,XKL,911912
490299204170,BUSINESS NETWORK SOLUTIONS SDN BHD,"50L-3, KELANA MALL, JLN SS6/14",47301,55,"DT,C1",1,19/9/2013,XKL,823
789707574790,BLUSH FASHION SDN BHD,"7, JALAN APOLLO U5/194",40150,0.5,"PND,DR",1,19/9/2012,XKL,823
789713733107,,23A-A-2 BINJAI RESIDENCY LORONG BI,50450,44,"PL,C1",1,19/9/2013,KUL,823
789714018711,,"NO. 7, JALAN SP 3/1 BANDAR SERI",43000,1.8,"C1,DIA",1,19/9/2017,RDN,
485907378050,SONOCO PRODUCTS (MALAYSIA) SDN BHD,LOT 46 JALAN BRP 9/2 PUTRA IND PAR,47000,10,"C1,DIA",1,19/9/2013,XKL,985982
776199035614,PSL GROUP MALAYSIA,"23 JALAN BARAT, SEKSYEN 8",46050,22,DR,1,19/9/2013,KUL,823
789714589729,,"NUM 6, JLN 5E/5, SEKSYEN 5",43650,0.1,"DIA,C1",1,19/9/2013,RDN,
121432388975,MICROTRONICS TECHNOLOGY SDN BHD,"NO.10, JALAN DEWANI 1,",81100,0.2,C1,1,19/9/2013,JHB,
119151519886,PNE ELECTRIC SDN BHD,NO.23 JALAN FIRMA 1,81100,0.1,"C1,DT",1,19/9/2013,JHB,
470636309787,IETCO SDN BHD,17 JALAN SUNGAI JELUH 32/201,40460,24,"DIA,C1",2,19/9/2017,XKL,823
108641444099,ARK QUIN LEONG,"B16-6, TTDI PLAZA",60000,4.2,"DIA,C1",1,19/9/2013,XKL,979974
789706415130,GE ENGINE SERVICES MALAYSIA SDN BHD,MAS COMPLEX A-AA1802,47200,0.9,"C1,DT",1,19/9/2013,XKL,KULBK+
789715545163,,"8, ROSE LANE, OFF LING WEN SHUN RD",96000,0.6,DR,1,19/9/2017,ODN,
114675336231,ARROW ELECTRONICS INC C/O,"ARROW COMPONENTS (M) S/B,D28-2,JLN",81560,3,C8,1,19/9/2017,JHB,
789703207414,LMS SCIENTIFIC SOLUTIONS SDN BHD,D10-3-G BLOCK D10,47301,0.3,DR,1,19/9/2012,XKL,955956
108307393436,INFINEON TECHNOLOGIES (M) SDN BHD,BATU BERENDAM FREE IND ZONE,75350,15.6,C8,1,19/9/2013,MKZ,
776202435340,ANSELL GLOBAL TRADING CENTER (MALAY,"PRIMA 6, PRIMA AVE, BLOCK 3512",63000,2.5,"C1,DT",1,19/9/2013,XKL,969938
811235344603,CHEMSAIN KONSULTANT SDN BHD,"172, ROCK ROAD, 93200",93200,8,"PND,DR",1,19/9/2013,KCH,
789716247495,,"8, JALAN ANGGERIK ERIA 31/107A, KO",40460,1.1,"DIA,C1",1,19/9/2013,XKL,929928
789716748495,,"NO 137 , JALAN PERMAS 15/2 , BANDA",81750,0.8,"C1,PL",1,19/9/2013,JHB,
776200084219,INTRAHAUS ENGINEERING SDN BHD,"34 A, JLN JAYA MAS 2",81300,0.5,"C1,DT",1,19/9/2013,JHB,
776201556414,STRAITS SCIENTIFIC (M) SDN BHD,"NO. 10A, JALAN NIRWANA 37",68000,0.5,"C1,DT",1,19/9/2017,KUL,815
789703947553,MALCONREP LOGISTICS (M) SDN BHD,LOT 7316 (PT3609) PERSIARAN SIJANG,42500,0.5,DR,1,19/9/2013,XKL,999916
496123906508,,NO.90 JALAN LIMAU KASTURI 3,81000,0.2,DR,1,19/9/2013,JHB,
113862338976,AIROD SDN BHD,"MANAGER B 632 , JALAN TUDM",47200,237.5,"C1,DIA",5,19/9/2013,XKL,823
776196471647,HOSPITAL CANSELOR TUANKU MUHRIZ,UNIVERSITI KEBANGSAAN MALAYSIA,56000,0.5,DR,1,19/9/2013,KUL,890
776199489085,BUMI TEKNIKAL SOLUTION SDN BHD,"22, JLN BP 5/8",47100,13.6,"DIA,C1",10,19/9/2017,XKL,815
789717355768,CELESTICA ELECTRONICS (M) SDN BHD,LOT 01 AIRPORT LOGISTIC PARK,81250,0.5,C8,1,19/9/2013,JHB,
789706206910,DAIKIN MALAYSIA SENDIRIAN BERHAD,"LOT 60334, PERSIARAN BUKIT RAHMAN",47000,0.8,C1,1,19/9/2017,XKL,985982
776201983279,MODERN SCIENTIFIC SDN BHD,550D PISANG ROAD WEST,93150,1.4,"C1,DT",1,19/9/2018,KCH,
789705808100,SENAWANG LAMINATING TECHNOLOGIES SB,LOT 51 PERSIARAN BUNGA,70400,0.5,"C1,DT",1,19/9/2013,RDN,
114938664255,KEJURUTERAAN & SERVIS SE SDN. BHD.,"NO 66, JALAN PLUTO AY U5/AY, BANDAR",40150,5,"C1,DT",1,19/9/2013,XKL,823
121022148713,GE ENGINE SERVICES MALAYSIA SDN BHD,MAS COMPLEX A-A1802 SULTAN ABDUL-,47200,0.5,"C1,DT",1,19/9/2013,XKL,KULBK+
776199084542,WEHAYA PETROSERVICES SDN. BHD.,LOT 2947 FARADALE GARDEN,98008,4.1,"C1,DIA",1,19/9/2017,ODN,
789708043669,FLOWSERVE SOLUTIONS (MALAYSIA) SDN,"LOT 14B, JALAN CJ 1/3",43200,2.1,"DIA,C1",1,19/9/2023,KUL,887
118732697031,INTERNATIONAL ISLAMIC UNIVERSITY M,UNIVERSITI ISLAM ANTARABANGSA MALA,25200,0.4,DR,1,19/9/2013,KUA,
118732696995,"HOSPITAL WANITA KANAK-KANAK, LIK",KARUNG BERKUNCI NO. 187,88996,0.4,DR,1,19/9/2017,BKI,
118732697009,HOSPITAL KUALA LUMPUR (GETZ HEALTH,"23, JALAN PAHANG",50586,0.4,DR,1,19/9/2013,KUL,831
118732697042,JEBSEN JESSEN TECHNOLOGY (M) SDN,"16 JALAN 51A/225, 46100 PETALING J",46100,0.4,DR,1,19/9/2013,KUL,865
739581140209,PARKER HANNIFIN IND (M) SDN BHD,"NO. 11, PERSIARAN PASAK BUMI, SEKSY",40150,23.5,C1,1,19/9/2017,XKL,823
776203173007,RIYE ENGINEERING,"NO 7, JALAN TPPI/ 15",47100,43.5,"C1,DT",10,19/9/2013,XKL,823
495506907653,FREESCALE SEMICONDUCTOR M S/B,NO 2 JLN SS 8/2,47300,0.5,C8,1,19/9/2013,XKL,MKZAC8
776199091599,SCHLUMBERGER,1 FIRST AVENUE BUILDING,47800,0.2,DR,1,19/9/2013,XKL,975976
776196736312,MEDINOVA SDN BHD,"6 LENGKUK SELAT SELATAN 12, CEMPAK",42000,1.4,C1,1,19/9/2013,XKL,995918
789718112104,THE HOUSE OF DIAMONDS,21-2 JALAN SOLARIS MONT KIARA,50480,0.3,DR,1,19/9/2013,KUL,815
121369640675,SAMTEC ASIA PACIFIC (M) SDN BHD,"NO 2 JALAN SILC 2/1, KAWASAN PERIND",79200,1593.9,"C1,DT",9,19/9/2013,KUL,JHBA
461607671908,JSI SERVICES (M) SDNBHD,"48/49 TINGKAT BAWAH, JALAN S2/D35",70300,1.8,C1,1,19/9/2013,RDN,
789718612380,,D38A-01,60000,1.1,"PL,C1",1,19/9/2013,XKL,979974
643618433960,ELANCO ANIMAL HEALTH,"LEVEL 7, MENARA OBYU, 4 JALAN PJU",47820,4.1,"C1,DT",1,19/9/2013,XKL,979976
634631680574,HAMILTON SUNDSTRAND MALAYSIA,NO. 9. LENGKUK KELULI 2,41050,2.3,"C1,DT",1,19/9/2013,XKL,KULBK+
634631680585,HAMILTON SUNDSTRAND MALAYSIA,NO. 9. LENGKUK KELULI 2,41050,2,"C1,DT",1,19/9/2013,XKL,KULBK+
668794087340,ULVAC MALAYSIA SDN BHD,NO 8 JALAN GITOR 33/3 ELITE IND EST,40350,250.4,"C1,DT",1,19/9/2013,KUL,XKLA
789707223037,,11 JALAN PUNCAK SETIAWANGSA 2,54200,0.9,"DIA,C1",1,19/9/2017,KUL,813
789713087818,GE ENGINE SERVICES MALAYSIA SDN BHD,MAS COMPLEX A-AA1802,47200,99.3,"C1,DT",1,19/9/2013,KUL,XKLA
789709743285,GE ENGINE SERVICES MALAYSIA SDN BHD,MAS COMPLEX A-AA1802,47200,63.5,"C1,DT",1,19/9/2013,KUL,XKLA
637106471535,PARKER HANNIFIN IND (M) SDN BHD,"NO. 11, PERSIARAN PASAK BUMI, SEKSY",40150,55,"C1,DIA",10,19/9/2013,XKL,823
114665717762,CRESCENTECH MANUFACTURE SDN BHD,CRESCENTECH MANUFACTURE SDN BHD,81800,0.5,DR,1,19/9/2013,JHB,
110895199450,OSI OPTOELECTRONICS SDN BHD,"PTD 159386, 6.5KM, JLN KAMPUNG MAJU",81100,1.4,"C1,DT",1,19/9/2013,JHB,
789718760135,,"8, JALAN PEKAKA 8/15",47810,1.8,"DIA,C1",1,19/9/2013,XKL,823
789713313891,,"SUITE 235, 30G JLN 25/70A",50480,2.6,DR,5,19/9/2013,KUL,815
103500223458,FCI CONNECTORS MALAYSIA SDN BHD,"PLO 205, JALAN CYBER 14",81400,0.1,"C1,DT",1,19/9/2013,JHB,
776202562243,WHITEX GARMENT SDN BHD,"NO 50, JALAN TAMING DUA,",43300,0.5,"C1,DT",1,19/9/2013,KUL,887
103303128288,EXACT ANALYTICAL SDN BHD,NO 29B JALAN KENARI 17E,47100,4.1,"DT,EX,C1",1,19/9/2017,XKL,960936
776160108164,SKK GLOBAL ENTERPRISE,LOT F1 FORWARDERS BUILDING KLAS,64000,3.6,FCZ,1,19/9/2013,MKZ,
488910701401,TEXAS INSTRUMENTS ELECTRONICS (M),BATU BERENDAM FREE TRADE ZONE,75350,3.2,C8,1,19/9/2013,MKZ,
789706862034,ALLTECH MALAYSIA SDN,NO 6 JALAN PEMBERITA U1/49,40150,30,DR,50,19/9/2013,XKL,863
483250011943,"S LOH / NO 28-B 30-B, 2ND FLOOR",JALAN SS21/62 DAMANSARA ITEMS,47400,0.1,DR,1,19/9/2013,XKL,975974
789713095275,ENRICH MEDSURG SDN BHD,C-6-28 C-6-29 CENTUM AT,47301,9.5,"C1,DT",1,19/9/2017,XKL,955956
122687747920,DORMS 2,20 JALAN PUDU LAMA,50200,33.5,DR,3,19/9/2013,KUL,823
776203909044,FOREVER LIVING PRODUCTS (M) SDN BH,28 JALAN JEJAKA 3,55100,0.5,DR,1,19/9/2013,KUL,811
776198398091,KAVI TRANSPORT SERVICES,"LOT F-31, CARGO COMPLEX",64000,1.4,FCZ,1,19/9/2013,MKZ,
776198375447,SKK GLOBAL ENTERPRISE,LOT F1 FORWARDERS BUILDING KLAS,64000,2.3,FCZ,1,19/9/2013,MKZ,
789690644015,COUNTRY GARDEN DANGA BAY,BAY POINT BLOCK 3A-04-07 LOT PTB 2,80200,0.9,"C1,DIA",1,19/9/2013,JHB,
480140605301,FRANKLIN TEMPLETON INVESTMENTS,203 JALAN BUKIT BINTANG,55100,333.1,"C1,DT",10,19/9/2013,KUL,863
114164521645,SASIKALA ARMUGAM,"NO 51, JALAN PUJ 2/1,",43300,9.3,"C1,DIA",20,19/9/2013,KUL,823
776202504181,LE MERIDIEN,2 JALAN STESEN SENTRAL,50470,2.3,DR,1,19/9/2013,KUL,823+
776203490590,,22 JALAN SS 21/34,47400,0.5,DR,1,19/9/2013,XKL,975974
789717874675,,ROYAL LANGKAWI YACHT CLUB,7000,1.8,C8,1,19/9/2017,LGK,
122175976578,GE ENGINE SERVICES MALAYSIA SDN BHD,MAS COMPLEX A-AA 1802,47200,1.1,"C1,DT",1,19/9/2013,XKL,KULBK+
789703488376,AGUSTA WESTLAND MALAYSIA SDN BHD,"LOT 10, JALAN TEKNOLOGI, TAMAN SAI",47810,15,"C1,DT",10,19/9/2013,XKL,823
676913147316,GAIA SCIENCE (M)SDN. BHD.,"60 60-1,JALAN PUTERI 5/5,",47100,2.2,"C1,DT",1,19/9/2013,XKL,823
677413383220,PARKER HANNIFIN IND (M) SDN BHD,"NO. 11, PERSIARAN PASAK BUMI, SEKSY",40150,2.5,"DIA,C1",1,19/9/2013,XKL,823
789705997506,ELITE MEDICAL SDN BHD,66-1 BLOCK F JLN SS7/26,47301,20,"C1,DT",5,19/9/2013,XKL,823
776205053690,GI TECHNICAL OPERATIONS MALAYSIA SDN BHD,QUILL 7 NO. 9 JALAN STESEN SENTRAL,50470,0.5,"C1,DT",1,19/9/2017,KUL,823
459465414064,FLOWSERVE SOLUTIONS (MALAYSIA) SDN BHD,"SDN. BHD. LOT 14B, JALAN CJ 1/3",73200,0.5,"DIA,C1",1,19/9/2017,SZB,
488846801023,STRYKER CORPORATION (M) SDN BHD,"100.6.001&100.6.003,129 OFFICERS,",46200,300,"C1,PL",5,19/9/2017,XKL,823
776201698928,CHIO WEE SENG,"NO.45, TAMAN PELANGI,",84150,0.2,"DIA,C1",1,19/9/2013,MUR,
776199944841,INFINITY ABROAD,"A-6-13A, CENTRIO PANTAI HILLPARK",59200,0.5,DR,1,19/9/2013,KUL,853+
776202429734,HONG LEONG BANK BERHAD,"JALAN 219 SECTION 51A,46100 PETALI",46100,13.9,DR,30,19/9/2013,KUL,865
776199452169,TEKNION FURNITURE SYSTEMS,LOT 761 JALAN HAJI SIRAT,42100,11.3,C1,2,19/9/2013,XKL,KAPAR+
612044348024,SYSTEMATIC AVIATION SERVICES SDN BHD,"DCA HANGAR,SULTAN ABDUL AZIZ SHAH",47200,5.9,"C1,DT",3,19/9/2013,XKL,823
789712168028,FREESCALE SEMICONDUCTOR M S/B,NO 2 JLN SS 8/2,47300,0.5,C8,1,19/9/2013,XKL,MKZAC8
118177417921,ANALISA RESOURCES SDN BHD,NO 31 JALAN PENGACARA U1/48,40150,3,"DT,C1",1,19/9/2013,XKL,863
789720414848,GRACE NIANNGAIHMOI,B-15-01 SUNWAY PALAZZIO,50480,55,"PL,C1",3,19/9/2013,KUL,815
486213644957,CAA OF MALAYSIA,BLOCK A - ATC CENTR COMPLEX-LEVEL,62618,0.6,DR,1,19/9/2013,XKL,969938
789720697920,,"36-3, JALAN PJS 8/2",46150,1.8,"DIA,C1",1,19/9/2013,XKL,930932
121110893048,SINFONIA PROJECT SDN BHD,JALAN MP2 TAMAN,75350,4.6,"PW,DT",1,19/9/2017,MKZ,
115735067385,TRANSICOIL (M) SDN BHD,BATU BERENDAM,75350,5.4,C8,1,19/9/2013,MKZ,
776175450191,QPACK INDUSTRIES SDN BHD,"LOT 888, JALAN SUBANG9",47630,0.1,DR,1,19/9/2013,XKL,939934
776202517332,GE ENGINE SERVICES MALAYSIA SDN BHD,MAS COMPLEX A-A1802 SULTAN ABDUL-,47200,15.4,"C1,DT",1,19/9/2013,XKL,KULBK+
789715884169,PROSEAL SOLUTIONS SDN. BHD.,"NO. 32, JALAN PERUSAHAAN 27",42000,1.4,"C1,DIA",1,19/9/2013,XKL,995918
451165778362,,"LOT7.02.01 BEAUTY HALL,LEVEL7",55100,0.1,"C1,DT",1,19/9/2013,KUL,825
789717009164,CALVIN WONG,17 JALAN 14/30,46100,202.8,PW,5,19/9/2017,KUL,865
485725969309,CS PROGYMS PHARMACEUTICAL,"LOT 23, 823 INDUSTRIAL ESTATES",48000,121.6,DR,4,19/9/2013,XKL,823
776201268730,ASIA ENERGY SERVICES SDN BHD.,SUITE 10-02 AND 10-02 LEVEL 10,50400,0.5,DR,3,19/9/2013,KUL,823
111899079034,AFIF FIRDASU NOR AZMI,4000 SHAH ALAM,40000,1.3,"PL,C1",1,19/9/2013,XKL,911912
633129286398,CLARIANT SPECIALTY CHEMICAL (M) SDN,NO 79 80 HICOM SECTOR B,40000,0.9,"PL,C1",1,19/9/2013,XKL,927928
115048189740,QES MECHATRONIC SDN BHD,FLORENCE CHUA,40150,6,"DT,PW",1,19/9/2017,XKL,863
124018923133,GE ENGINE SERVICES MALAYSIA SDN BHD,MAS COMPLEX A-AA1802,47200,1.4,"C1,DT",1,19/9/2013,XKL,KULBK+
431526278316,GE ENGINE SERVICES MALAYSIA SDN BHD,MAS COMPLEX A-AA1802 SULTAN,47200,40.8,"C1,DT",7,19/9/2013,KUL,815
114145473081,GE ENGINE SERVICES MALAYSIA SDN BHD,GE ENGINE SERVICES MALAYSIA SDN BH,47200,1.8,"C1,DT",1,19/9/2013,XKL,KULBK+
776199212891,KAVI TRANSPORT SERVICES,"LOT F-31, CARGO COMPLEX",64000,2.7,FCZ,1,19/9/2013,MKZ,
115104523010,ARACHEM M SDN BHD,"NO. 11, PERSIARAN INDUSTRI",52200,421.1,"DT,C1",1,19/9/2013,KUL,815
776205327197,INTAJ HOLDINGS SDN BHD,"3A01, BLOCK A, LOBBY A, KOMPLEK CT",47301,20,DR,1,19/9/2013,XKL,823
776199231279,SAPURA TECHNICS MRO FACILITY,SENAI AIRPORT AVIATION PARK,81250,3.2,"DIA,PW",1,19/9/2013,JHB,
776201636702,CRABTREE & EVELYN (M) SDN BHD,"LOT 37B, LEBUH SULTAN MOHAMED 1",42000,5,"C1,PL",1,19/9/2013,XKL,KAPAR+
409068323552,FLEXTRONICS SHAH ALAM SDN BHD,"PLOT D26, JLN DPB/4,KAW ZONE",81560,6.4,C8,1,19/9/2018,JHB,
115104525137,ARACHEM (M) SDN BHD,ATTN ACCOUNTS DEPT CONFIDENTIAL,52200,3.8,"DT,PW",1,19/9/2013,KUL,844
121432390910,FLEXTRONICS SHAH ALAM SDN BHD,"PLOT D26, JLN DPB/4,KAW ZONE",81560,1.4,C8,1,19/9/2017,JHB,
789721677237,EMERSON PROCESS MANAGEMENT,"LOT 131112, MUKIM LABU, KAWASAN",71807,0,"C1,DIA",1,19/9/2013,RDN,
495016875754,QES MECHATRONIC SDN BHD,"NO 9, JLN JURUUKUR U1/19,",40150,431,"C1,DT",1,19/9/2017,XKL,863
789721788660,FHM EQUIPMENT SDN BHN,NO.45 46 PERSIARAN INDUSTRI,52200,0,DR,1,19/9/2013,KUL,844
776201305635,PETRONAS CHEMICALS DERIVATIVES SDN,"TOWER 1, PETRONAS TWIN TOWERS",50088,44,DR,5,19/9/2013,KUL,823
776201360937,PETRONAS CHEMICALS DERIVATIVES SDN,"TOWER 1, PETRONAS TWIN TOWERS",50088,22.5,DR,10,19/9/2013,KUL,823
122154240282,DK LEATHER SEATS SDN BHD,4 JALAN PPU 3,47100,0.5,"DT,C1",1,19/9/2013,XKL,823
776204649610,FOWSENG INDUSTRIES (M) SDN BHD,NO. 5 JALAN KILANG,86000,0.2,DR,1,19/9/2013,KUD,
776203549530,SYSTEMATIC AVIATION SERVICES SDN BHD,"DCA HANGAR,SULTAN ABDUL AZIZ SHAH",47200,66,"C1,DT",2,19/9/2013,XKL,823
115104523649,ARACHEM M SDN BHD,NON-HAZARDOUS,52200,289,"C1,DIA",10,19/9/2013,KUL,815
418475096329,PARKER HANNIFIN IND (M) SDN BHD,"NO. 11, PERSIARAN PASAK BUMI, SEKSY",40150,3.6,"C1,DIA",55,19/9/2013,XKL,823
110113033579,FRENCKEN MECHATRONICS (M) SDN BHD,"SDN. BHD. LOT 3, JIN / P /1A",43650,0.9,"C1,DT",1,19/9/2013,RDN,
789714975572,,"LOT 724, RPR BATU 6, JALAN PALMA",98000,0.5,"C1,DT",1,19/9/2017,ODN,
776200485639,STRAITS SCIENTIFIC (M) SDN BHD,"NO. 10A, JALAN NIRWANA 37",68000,233.5,"C1,DT",70,19/9/2013,KUL,815
